{"cameraMode":{"drawMode":0,"name":"Shaded","section":"Shading Mode"},"sceneLighting":true,"audioPlay":false,"sceneViewState":{"m_AlwaysRefresh":false,"showFog":true,"showSkybox":true,"showFlares":true,"showImageEffects":true,"showParticleSystems":true,"showVisualEffectGraphs":true,"m_FxEnabled":true},"in2DMode":false,"pivot":{"x":4.559342384338379,"y":-0.0593368336558342,"z":0.030173219740390779},"rotation":{"x":0.3672187626361847,"y":0.006157987285405397,"z":-0.002413084264844656,"w":0.930182933807373},"size":4.410096645355225,"orthographic":false}